graph,metric_set,steps,overall_total_update_seconds,completed_all_updates,timed_out,timeout_seconds,last_processed_timestamp,triangles_final,four_cycles_final,diamonds_final,paws_final,length_3_paths_final,claws_final,four_cliques_final,pattern_specific_timing_supported,pattern_specific_timing_note
c_answers_2m.e,all,2000000,3215.592255319,true,false,18000.0,90865,3022,59551,4334,948316,112234646,137477784,31,false,Only whole-run update time is measured in aggregate-only mode to minimize timing overhead.
c_answers_2m.e,all,2000000,2689.291230472,true,false,18000.0,90865,3022,59551,4334,948316,112234646,137477784,31,false,Only whole-run update time is measured in aggregate-only mode to minimize timing overhead.
c_answers_2m.e,all,2000000,2736.619473027,true,false,18000.0,90865,3022,59551,4334,948316,112234646,137477784,31,false,Only whole-run update time is measured in aggregate-only mode to minimize timing overhead.
c_answers_2m.e,triangles,2000000,1122.191002579,true,false,18000.0,90865,3022,0,0,0,0,0,0,false,Only whole-run triangle update time is measured in aggregate-only mode. Four-node motif maintenance is not instantiated.
c_answers_2m.e,triangles,2000000,1210.058135376,true,false,18000.0,90865,3022,0,0,0,0,0,0,false,Only whole-run triangle update time is measured in aggregate-only mode. Four-node motif maintenance is not instantiated.
c_answers_2m.e,triangles,2000000,1152.951008124,true,false,18000.0,90865,3022,0,0,0,0,0,0,false,Only whole-run triangle update time is measured in aggregate-only mode. Four-node motif maintenance is not instantiated.
c_as-routeviews_2m.e,all,760084,18000.222975807,false,true,18000.0,10219,122244,9583741,1210576,175852767,7036365435,22609578535,7384,false,Only whole-run update time is measured in aggregate-only mode to minimize timing overhead.
c_as-routeviews_2m.e,all,751856,18000.958208498,false,true,18000.0,9806,122448,9595284,1215983,176083497,7036982389,22587874028,7445,false,Only whole-run update time is measured in aggregate-only mode to minimize timing overhead.
c_as-routeviews_2m.e,all,752118,18000.002405684,false,true,18000.0,9819,122427,9594979,1215925,176073500,7036960478,22587967278,7445,false,Only whole-run update time is measured in aggregate-only mode to minimize timing overhead.
c_as-routeviews_2m.e,triangles,2000000,2564.507383627,true,false,18000.0,72556,114315,0,0,0,0,0,0,false,Only whole-run triangle update time is measured in aggregate-only mode. Four-node motif maintenance is not instantiated.
c_as-routeviews_2m.e,triangles,2000000,2485.624584176,true,false,18000.0,72556,114315,0,0,0,0,0,0,false,Only whole-run triangle update time is measured in aggregate-only mode. Four-node motif maintenance is not instantiated.
c_as-routeviews_2m.e,triangles,2000000,2492.602664525,true,false,18000.0,72556,114315,0,0,0,0,0,0,false,Only whole-run triangle update time is measured in aggregate-only mode. Four-node motif maintenance is not instantiated.
c_atp-gr-qc_2m.e,all,1719038,532.492930804,true,false,18000.0,82198,24,17,0,353,517649,213096,0,false,Only whole-run update time is measured in aggregate-only mode to minimize timing overhead.
c_atp-gr-qc_2m.e,all,1719038,534.763766367,true,false,18000.0,82198,24,17,0,353,517649,213096,0,false,Only whole-run update time is measured in aggregate-only mode to minimize timing overhead.
c_atp-gr-qc_2m.e,all,1719038,529.918436782,true,false,18000.0,82198,24,17,0,353,517649,213096,0,false,Only whole-run update time is measured in aggregate-only mode to minimize timing overhead.
c_atp-gr-qc_2m.e,triangles,1719038,521.499572938,true,false,18000.0,82198,24,0,0,0,0,0,0,false,Only whole-run triangle update time is measured in aggregate-only mode. Four-node motif maintenance is not instantiated.
c_atp-gr-qc_2m.e,triangles,1719038,517.571668761,true,false,18000.0,82198,24,0,0,0,0,0,0,false,Only whole-run triangle update time is measured in aggregate-only mode. Four-node motif maintenance is not instantiated.
c_atp-gr-qc_2m.e,triangles,1719038,519.481315023,true,false,18000.0,82198,24,0,0,0,0,0,0,false,Only whole-run triangle update time is measured in aggregate-only mode. Four-node motif maintenance is not instantiated.
c_ca-dblp_2m.e,all,2000000,1945.966661883,true,false,18000.0,70509,4632,51867,1762,588383,213405533,97829927,13,false,Only whole-run update time is measured in aggregate-only mode to minimize timing overhead.
c_ca-dblp_2m.e,all,2000000,1955.528518593,true,false,18000.0,70509,4632,51867,1762,588383,213405533,97829927,13,false,Only whole-run update time is measured in aggregate-only mode to minimize timing overhead.
c_ca-dblp_2m.e,all,2000000,2016.108407092,true,false,18000.0,70509,4632,51867,1762,588383,213405533,97829927,13,false,Only whole-run update time is measured in aggregate-only mode to minimize timing overhead.
c_ca-dblp_2m.e,triangles,2000000,938.584812396,true,false,18000.0,70509,4632,0,0,0,0,0,0,false,Only whole-run triangle update time is measured in aggregate-only mode. Four-node motif maintenance is not instantiated.
c_ca-dblp_2m.e,triangles,2000000,1309.834092607,true,false,18000.0,70509,4632,0,0,0,0,0,0,false,Only whole-run triangle update time is measured in aggregate-only mode. Four-node motif maintenance is not instantiated.
c_ca-dblp_2m.e,triangles,2000000,956.328654867,true,false,18000.0,70509,4632,0,0,0,0,0,0,false,Only whole-run triangle update time is measured in aggregate-only mode. Four-node motif maintenance is not instantiated.
c_delicious_2m.e,all,2000000,1439.82547691,true,false,18000.0,88916,1554,20605,1000,278938,59226398,44058483,3,false,Only whole-run update time is measured in aggregate-only mode to minimize timing overhead.
c_delicious_2m.e,all,2000000,1472.099016674,true,false,18000.0,88916,1554,20605,1000,278938,59226398,44058483,3,false,Only whole-run update time is measured in aggregate-only mode to minimize timing overhead.
c_delicious_2m.e,all,2000000,1431.795255087,true,false,18000.0,88916,1554,20605,1000,278938,59226398,44058483,3,false,Only whole-run update time is measured in aggregate-only mode to minimize timing overhead.
c_delicious_2m.e,triangles,2000000,879.278329197,true,false,18000.0,88916,1554,0,0,0,0,0,0,false,Only whole-run triangle update time is measured in aggregate-only mode. Four-node motif maintenance is not instantiated.
c_delicious_2m.e,triangles,2000000,886.31487382,true,false,18000.0,88916,1554,0,0,0,0,0,0,false,Only whole-run triangle update time is measured in aggregate-only mode. Four-node motif maintenance is not instantiated.
c_delicious_2m.e,triangles,2000000,863.729673624,true,false,18000.0,88916,1554,0,0,0,0,0,0,false,Only whole-run triangle update time is measured in aggregate-only mode. Four-node motif maintenance is not instantiated.
c_web-notredame_2m.e,all,2000000,6359.048739084,true,false,18000.0,85708,9352,267957,21238,4341614,413086052,568982046,119,false,Only whole-run update time is measured in aggregate-only mode to minimize timing overhead.
c_web-notredame_2m.e,all,2000000,5755.157436352,true,false,18000.0,85708,9352,267957,21238,4341614,413086052,568982046,119,false,Only whole-run update time is measured in aggregate-only mode to minimize timing overhead.
c_web-notredame_2m.e,all,2000000,5770.999987652,true,false,18000.0,85708,9352,267957,21238,4341614,413086052,568982046,119,false,Only whole-run update time is measured in aggregate-only mode to minimize timing overhead.
c_web-notredame_2m.e,triangles,2000000,1326.978476729,true,false,18000.0,85708,9352,0,0,0,0,0,0,false,Only whole-run triangle update time is measured in aggregate-only mode. Four-node motif maintenance is not instantiated.
c_web-notredame_2m.e,triangles,2000000,1344.019751531,true,false,18000.0,85708,9352,0,0,0,0,0,0,false,Only whole-run triangle update time is measured in aggregate-only mode. Four-node motif maintenance is not instantiated.
c_web-notredame_2m.e,triangles,2000000,1344.947370667,true,false,18000.0,85708,9352,0,0,0,0,0,0,false,Only whole-run triangle update time is measured in aggregate-only mode. Four-node motif maintenance is not instantiated.
de_wiki_2m.e,all,697643,18000.235250427,false,true,18000.0,1064006238,629511,40787284,18410633,310189006,3313268649,12120019722,1069679,false,Only whole-run update time is measured in aggregate-only mode to minimize timing overhead.
de_wiki_2m.e,all,693539,18000.009656676,false,true,18000.0,1063906271,625095,40391983,18216324,306095194,3274447260,12065129695,1063245,false,Only whole-run update time is measured in aggregate-only mode to minimize timing overhead.
de_wiki_2m.e,all,695672,18000.38672974,false,true,18000.0,1063958478,625816,40434116,18243018,306775870,3281589817,12079025659,1063837,false,Only whole-run update time is measured in aggregate-only mode to minimize timing overhead.
de_wiki_2m.e,triangles,934538,18000.00024131,false,true,18000.0,1070051041,939181,0,0,0,0,0,0,false,Only whole-run triangle update time is measured in aggregate-only mode. Four-node motif maintenance is not instantiated.
de_wiki_2m.e,triangles,937096,18000.099864144,false,true,18000.0,1070107842,956875,0,0,0,0,0,0,false,Only whole-run triangle update time is measured in aggregate-only mode. Four-node motif maintenance is not instantiated.
de_wiki_2m.e,triangles,936460,18000.011585443,false,true,18000.0,1070101125,948531,0,0,0,0,0,0,false,Only whole-run triangle update time is measured in aggregate-only mode. Four-node motif maintenance is not instantiated.
fr_wiki_2m.e,all,518324,18000.255743284,false,true,18000.0,1072563947,872092,96673930,68164975,640836351,4161270078,22184833042,5890550,false,Only whole-run update time is measured in aggregate-only mode to minimize timing overhead.
fr_wiki_2m.e,all,517826,18000.017247577,false,true,18000.0,1072562535,843464,93344437,62512364,621020162,4126248175,22158361940,5094106,false,Only whole-run update time is measured in aggregate-only mode to minimize timing overhead.
fr_wiki_2m.e,all,521129,18000.695358472,false,true,18000.0,1072821379,964785,108244667,88006493,712405754,4309241199,22542405241,8720356,false,Only whole-run update time is measured in aggregate-only mode to minimize timing overhead.
fr_wiki_2m.e,triangles,661408,18000.108894785,false,true,18000.0,1077621478,825354,0,0,0,0,0,0,false,Only whole-run triangle update time is measured in aggregate-only mode. Four-node motif maintenance is not instantiated.
fr_wiki_2m.e,triangles,692339,18000.000229789,false,true,18000.0,1078269854,749454,0,0,0,0,0,0,false,Only whole-run triangle update time is measured in aggregate-only mode. Four-node motif maintenance is not instantiated.
fr_wiki_2m.e,triangles,695578,18000.569401182,false,true,18000.0,1078351452,753918,0,0,0,0,0,0,false,Only whole-run triangle update time is measured in aggregate-only mode. Four-node motif maintenance is not instantiated.
g_as-newman_2m.e,all,1266970,18000.038804168,false,true,18000.0,63896,59761,4246400,351595,74079544,4121311907,15152192658,1340,false,Only whole-run update time is measured in aggregate-only mode to minimize timing overhead.
g_as-newman_2m.e,all,1274119,18000.037848765,false,true,18000.0,64257,60265,4297567,353088,74804319,4169519023,15334222879,1356,false,Only whole-run update time is measured in aggregate-only mode to minimize timing overhead.
g_as-newman_2m.e,all,1276190,18000.030645173,false,true,18000.0,64361,60395,4314674,353164,75017048,4184688074,15413912705,1340,false,Only whole-run update time is measured in aggregate-only mode to minimize timing overhead.
g_as-newman_2m.e,triangles,1309047,1549.51322544,true,false,18000.0,66017,63444,0,0,0,0,0,0,false,Only whole-run triangle update time is measured in aggregate-only mode. Four-node motif maintenance is not instantiated.
g_as-newman_2m.e,triangles,1309047,1322.518549122,true,false,18000.0,66017,63444,0,0,0,0,0,0,false,Only whole-run triangle update time is measured in aggregate-only mode. Four-node motif maintenance is not instantiated.
g_as-newman_2m.e,triangles,1309047,1444.80923708,true,false,18000.0,66017,63444,0,0,0,0,0,0,false,Only whole-run triangle update time is measured in aggregate-only mode. Four-node motif maintenance is not instantiated.
g_bio-proteins_2m.e,all,1768484,7581.268644156,true,false,18000.0,88718,16193,793718,11708,9141670,2209987333,4906080897,13,false,Only whole-run update time is measured in aggregate-only mode to minimize timing overhead.
g_bio-proteins_2m.e,all,1768484,7603.99999553,true,false,18000.0,88718,16193,793718,11708,9141670,2209987333,4906080897,13,false,Only whole-run update time is measured in aggregate-only mode to minimize timing overhead.
g_bio-proteins_2m.e,all,1768484,7667.272409416,true,false,18000.0,88718,16193,793718,11708,9141670,2209987333,4906080897,13,false,Only whole-run update time is measured in aggregate-only mode to minimize timing overhead.
g_bio-proteins_2m.e,triangles,1768484,1088.262222412,true,false,18000.0,88718,16193,0,0,0,0,0,0,false,Only whole-run triangle update time is measured in aggregate-only mode. Four-node motif maintenance is not instantiated.
g_bio-proteins_2m.e,triangles,1768484,1073.918482249,true,false,18000.0,88718,16193,0,0,0,0,0,0,false,Only whole-run triangle update time is measured in aggregate-only mode. Four-node motif maintenance is not instantiated.
g_bio-proteins_2m.e,triangles,1768484,1092.769237255,true,false,18000.0,88718,16193,0,0,0,0,0,0,false,Only whole-run triangle update time is measured in aggregate-only mode. Four-node motif maintenance is not instantiated.
g_blog-nat06all_2m.e,all,1426139,18000.104078036,false,true,18000.0,71680,125476,8585360,929438,111400313,5234272840,6888925815,6438,false,Only whole-run update time is measured in aggregate-only mode to minimize timing overhead.
g_blog-nat06all_2m.e,all,1426544,18000.024438266,false,true,18000.0,71701,125505,8586674,929092,111400214,5236347273,6887958265,6435,false,Only whole-run update time is measured in aggregate-only mode to minimize timing overhead.
g_blog-nat06all_2m.e,all,1396306,18000.005728073,false,true,18000.0,70182,121638,8227172,892367,106851633,5012387311,6610379721,6209,false,Only whole-run update time is measured in aggregate-only mode to minimize timing overhead.
g_blog-nat06all_2m.e,triangles,2000000,2707.982568839,true,false,18000.0,100462,176955,0,0,0,0,0,0,false,Only whole-run triangle update time is measured in aggregate-only mode. Four-node motif maintenance is not instantiated.
g_blog-nat06all_2m.e,triangles,2000000,2675.54502883,true,false,18000.0,100462,176955,0,0,0,0,0,0,false,Only whole-run triangle update time is measured in aggregate-only mode. Four-node motif maintenance is not instantiated.
g_blog-nat06all_2m.e,triangles,2000000,2707.840519618,true,false,18000.0,100462,176955,0,0,0,0,0,0,false,Only whole-run triangle update time is measured in aggregate-only mode. Four-node motif maintenance is not instantiated.
g_cit-hep-ph_2m.e,all,2000000,4652.042062067,true,false,18000.0,100441,22305,669872,23544,6405840,1354270220,733981952,87,false,Only whole-run update time is measured in aggregate-only mode to minimize timing overhead.
g_cit-hep-ph_2m.e,all,2000000,4686.69056745,true,false,18000.0,100441,22305,669872,23544,6405840,1354270220,733981952,87,false,Only whole-run update time is measured in aggregate-only mode to minimize timing overhead.
g_cit-hep-ph_2m.e,triangles,2000000,1335.421441549,true,false,18000.0,100441,22305,0,0,0,0,0,0,false,Only whole-run triangle update time is measured in aggregate-only mode. Four-node motif maintenance is not instantiated.
g_cit-hep-ph_2m.e,triangles,2000000,1316.261592615,true,false,18000.0,100441,22305,0,0,0,0,0,0,false,Only whole-run triangle update time is measured in aggregate-only mode. Four-node motif maintenance is not instantiated.
g_cit-hep-ph_2m.e,triangles,2000000,1379.950760312,true,false,18000.0,100441,22305,0,0,0,0,0,0,false,Only whole-run triangle update time is measured in aggregate-only mode. Four-node motif maintenance is not instantiated.
g_epinions_2m.e,all,1130931,8116.271305019,true,false,18000.0,56784,46077,2282274,262832,42126680,2211990989,5050206839,1642,false,Only whole-run update time is measured in aggregate-only mode to minimize timing overhead.
g_epinions_2m.e,all,1130931,8144.577953377,true,false,18000.0,56784,46077,2282274,262832,42126680,2211990989,5050206839,1642,false,Only whole-run update time is measured in aggregate-only mode to minimize timing overhead.
g_epinions_2m.e,all,1130931,8253.762652155,true,false,18000.0,56784,46077,2282274,262832,42126680,2211990989,5050206839,1642,false,Only whole-run update time is measured in aggregate-only mode to minimize timing overhead.
g_epinions_2m.e,triangles,1130931,1130.978027193,true,false,18000.0,56784,46077,0,0,0,0,0,0,false,Only whole-run triangle update time is measured in aggregate-only mode. Four-node motif maintenance is not instantiated.
g_epinions_2m.e,triangles,1130931,1141.827419645,true,false,18000.0,56784,46077,0,0,0,0,0,0,false,Only whole-run triangle update time is measured in aggregate-only mode. Four-node motif maintenance is not instantiated.
g_epinions_2m.e,triangles,1130931,1143.855582359,true,false,18000.0,56784,46077,0,0,0,0,0,0,false,Only whole-run triangle update time is measured in aggregate-only mode. Four-node motif maintenance is not instantiated.
g_flickr_2m.e,all,853353,3347.431974072,true,false,18000.0,42821,22290,849298,93234,15420820,934994233,1830557435,579,false,Only whole-run update time is measured in aggregate-only mode to minimize timing overhead.
g_flickr_2m.e,all,853353,3366.164938927,true,false,18000.0,42821,22290,849298,93234,15420820,934994233,1830557435,579,false,Only whole-run update time is measured in aggregate-only mode to minimize timing overhead.
g_flickr_2m.e,all,853353,3466.445462448,true,false,18000.0,42821,22290,849298,93234,15420820,934994233,1830557435,579,false,Only whole-run update time is measured in aggregate-only mode to minimize timing overhead.
g_flickr_2m.e,triangles,853353,805.308701504,true,false,18000.0,42821,22290,0,0,0,0,0,0,false,Only whole-run triangle update time is measured in aggregate-only mode. Four-node motif maintenance is not instantiated.
g_flickr_2m.e,triangles,853353,788.805979596,true,false,18000.0,42821,22290,0,0,0,0,0,0,false,Only whole-run triangle update time is measured in aggregate-only mode. Four-node motif maintenance is not instantiated.
g_flickr_2m.e,triangles,853353,792.853559557,true,false,18000.0,42821,22290,0,0,0,0,0,0,false,Only whole-run triangle update time is measured in aggregate-only mode. Four-node motif maintenance is not instantiated.
ia-enron-email-dynamic_f_2m.e,all,594912,7611.211286209,true,false,18000.0,598441,0,0,0,0,0,0,0,false,Only whole-run update time is measured in aggregate-only mode to minimize timing overhead.
ia-enron-email-dynamic_f_2m.e,all,594912,7687.837521409,true,false,18000.0,598441,0,0,0,0,0,0,0,false,Only whole-run update time is measured in aggregate-only mode to minimize timing overhead.
ia-enron-email-dynamic_f_2m.e,all,594912,7840.216114243,true,false,18000.0,598441,0,0,0,0,0,0,0,false,Only whole-run update time is measured in aggregate-only mode to minimize timing overhead.
ia-enron-email-dynamic_f_2m.e,triangles,594912,728.783287326,true,false,18000.0,598441,0,0,0,0,0,0,0,false,Only whole-run triangle update time is measured in aggregate-only mode. Four-node motif maintenance is not instantiated.
ia-enron-email-dynamic_f_2m.e,triangles,594912,719.472716666,true,false,18000.0,598441,0,0,0,0,0,0,0,false,Only whole-run triangle update time is measured in aggregate-only mode. Four-node motif maintenance is not instantiated.
ia-enron-email-dynamic_f_2m.e,triangles,594912,724.36326259,true,false,18000.0,598441,0,0,0,0,0,0,0,false,Only whole-run triangle update time is measured in aggregate-only mode. Four-node motif maintenance is not instantiated.
it_wiki_2m.e,all,374859,18000.228410785,false,true,18000.0,1099476975,393171,56476704,17856655,495787535,4483261628,148338477895,388086,false,Only whole-run update time is measured in aggregate-only mode to minimize timing overhead.
it_wiki_2m.e,all,374817,18000.261957957,false,true,18000.0,1099476570,393124,56394086,17782994,495188590,4481243548,148246649857,388057,false,Only whole-run update time is measured in aggregate-only mode to minimize timing overhead.
it_wiki_2m.e,all,374908,18000.202641271,false,true,18000.0,1099477450,393267,56584620,17950220,496611075,4486684524,148456831616,388145,false,Only whole-run update time is measured in aggregate-only mode to minimize timing overhead.
it_wiki_2m.e,triangles,1153188,18000.008484907,false,true,18000.0,1123924822,1343324,0,0,0,0,0,0,false,Only whole-run triangle update time is measured in aggregate-only mode. Four-node motif maintenance is not instantiated.
it_wiki_2m.e,triangles,1152353,18000.000357241,false,true,18000.0,1123923604,1338945,0,0,0,0,0,0,false,Only whole-run triangle update time is measured in aggregate-only mode. Four-node motif maintenance is not instantiated.
it_wiki_2m.e,triangles,1155329,18000.055022694,false,true,18000.0,1123927486,1351161,0,0,0,0,0,0,false,Only whole-run triangle update time is measured in aggregate-only mode. Four-node motif maintenance is not instantiated.
nl_wiki_2m.e,all,671977,18000.028468321,false,true,18000.0,1094242331,549959,59379232,20971676,607161216,5681634901,25995020271,542309,false,Only whole-run update time is measured in aggregate-only mode to minimize timing overhead.
nl_wiki_2m.e,all,675935,18000.15501027,false,true,18000.0,1094498562,550126,59568427,21038348,612022060,5728953455,26216412309,528315,false,Only whole-run update time is measured in aggregate-only mode to minimize timing overhead.
nl_wiki_2m.e,all,668444,18000.005551497,false,true,18000.0,1094049984,547498,59105775,20816022,602279452,5633017262,25762750095,540490,false,Only whole-run update time is measured in aggregate-only mode to minimize timing overhead.
nl_wiki_2m.e,triangles,1381921,18000.014702927,false,true,18000.0,1115419834,1199619,0,0,0,0,0,0,false,Only whole-run triangle update time is measured in aggregate-only mode. Four-node motif maintenance is not instantiated.
nl_wiki_2m.e,triangles,1317278,18000.005049783,false,true,18000.0,1113768235,1160698,0,0,0,0,0,0,false,Only whole-run triangle update time is measured in aggregate-only mode. Four-node motif maintenance is not instantiated.
nl_wiki_2m.e,triangles,1319528,18000.024293131,false,true,18000.0,1113839955,1162292,0,0,0,0,0,0,false,Only whole-run triangle update time is measured in aggregate-only mode. Four-node motif maintenance is not instantiated.
pl_wiki_2m.e,all,336535,18000.111709793,false,true,18000.0,1075579366,862491,263215497,52976547,847114033,4330661101,14202366348,4081720,false,Only whole-run update time is measured in aggregate-only mode to minimize timing overhead.
pl_wiki_2m.e,all,334030,18000.047808945,false,true,18000.0,1075576028,822794,244702548,49557480,779505968,4053798418,12787218971,3791833,false,Only whole-run update time is measured in aggregate-only mode to minimize timing overhead.
pl_wiki_2m.e,all,333958,18000.036123834,false,true,18000.0,1075575889,821974,244179730,49491157,777941065,4046396139,12746482539,3787597,false,Only whole-run update time is measured in aggregate-only mode to minimize timing overhead.
pl_wiki_2m.e,triangles,483395,18000.008210423,false,true,18000.0,1080064983,1180274,0,0,0,0,0,0,false,Only whole-run triangle update time is measured in aggregate-only mode. Four-node motif maintenance is not instantiated.
pl_wiki_2m.e,triangles,529546,18000.157616745,false,true,18000.0,1083439325,1431511,0,0,0,0,0,0,false,Only whole-run triangle update time is measured in aggregate-only mode. Four-node motif maintenance is not instantiated.
pl_wiki_2m.e,triangles,534220,18000.020480114,false,true,18000.0,1083938308,1451376,0,0,0,0,0,0,false,Only whole-run triangle update time is measured in aggregate-only mode. Four-node motif maintenance is not instantiated.
simple_wiki_2m.e,all,655183,18000.954849239,false,true,18000.0,1211250548,344283,41653707,10741992,359700441,3748903551,14698218136,192660,false,Only whole-run update time is measured in aggregate-only mode to minimize timing overhead.
simple_wiki_2m.e,all,655216,18000.726740147,false,true,18000.0,1211250548,342381,41502213,10474498,350948561,3723631194,14488701468,187953,false,Only whole-run update time is measured in aggregate-only mode to minimize timing overhead.
simple_wiki_2m.e,all,657417,18000.847249365,false,true,18000.0,1211473758,344900,41694988,10767660,361195824,3758900968,14789552793,193112,false,Only whole-run update time is measured in aggregate-only mode to minimize timing overhead.
simple_wiki_2m.e,triangles,1558278,2719.519806857,true,false,18000.0,1315571860,1144661,0,0,0,0,0,0,false,Only whole-run triangle update time is measured in aggregate-only mode. Four-node motif maintenance is not instantiated.
simple_wiki_2m.e,triangles,1558278,2696.595896632,true,false,18000.0,1315571860,1144661,0,0,0,0,0,0,false,Only whole-run triangle update time is measured in aggregate-only mode. Four-node motif maintenance is not instantiated.
simple_wiki_2m.e,triangles,1558278,2711.487613477,true,false,18000.0,1315571860,1144661,0,0,0,0,0,0,false,Only whole-run triangle update time is measured in aggregate-only mode. Four-node motif maintenance is not instantiated.
soc-youtube-growth_f_2m.e,all,617193,18000.018238524,false,true,18000.0,617193,24248,2053268,192252,30134373,1982875094,72474865695,1136,false,Only whole-run update time is measured in aggregate-only mode to minimize timing overhead.
soc-youtube-growth_f_2m.e,all,601973,18000.00012016,false,true,18000.0,601973,22717,1908983,161881,27035330,1847651952,67414967942,1055,false,Only whole-run update time is measured in aggregate-only mode to minimize timing overhead.
soc-youtube-growth_f_2m.e,all,601032,18001.126696462,false,true,18000.0,601032,22684,1905295,161722,26958289,1841323454,67030437377,1055,false,Only whole-run update time is measured in aggregate-only mode to minimize timing overhead.
soc-youtube-growth_f_2m.e,triangles,791234,18000.000517563,false,true,18000.0,791234,40254,0,0,0,0,0,0,false,Only whole-run triangle update time is measured in aggregate-only mode. Four-node motif maintenance is not instantiated.
soc-youtube-growth_f_2m.e,triangles,900561,18000.002264003,false,true,18000.0,900561,50943,0,0,0,0,0,0,false,Only whole-run triangle update time is measured in aggregate-only mode. Four-node motif maintenance is not instantiated.
soc-youtube-growth_f_2m.e,triangles,899980,18000.00055474,false,true,18000.0,899980,50883,0,0,0,0,0,0,false,Only whole-run triangle update time is measured in aggregate-only mode. Four-node motif maintenance is not instantiated.
sx-askubuntu_f_2m.e,all,952372,4048.746667661,true,false,18000.0,1101310,0,0,0,0,0,0,0,false,Only whole-run update time is measured in aggregate-only mode to minimize timing overhead.
sx-askubuntu_f_2m.e,all,952372,4076.003289065,true,false,18000.0,1101310,0,0,0,0,0,0,0,false,Only whole-run update time is measured in aggregate-only mode to minimize timing overhead.
sx-askubuntu_f_2m.e,all,952372,4081.625169893,true,false,18000.0,1101310,0,0,0,0,0,0,0,false,Only whole-run update time is measured in aggregate-only mode to minimize timing overhead.
sx-askubuntu_f_2m.e,triangles,952372,3921.072288876,true,false,18000.0,1101310,0,0,0,0,0,0,0,false,Only whole-run triangle update time is measured in aggregate-only mode. Four-node motif maintenance is not instantiated.
sx-askubuntu_f_2m.e,triangles,952372,3989.660854745,true,false,18000.0,1101310,0,0,0,0,0,0,0,false,Only whole-run triangle update time is measured in aggregate-only mode. Four-node motif maintenance is not instantiated.
sx-askubuntu_f_2m.e,triangles,952372,3989.828205727,true,false,18000.0,1101310,0,0,0,0,0,0,0,false,Only whole-run triangle update time is measured in aggregate-only mode. Four-node motif maintenance is not instantiated.
sx-stackoverflow_f_2m.e,all,1593388,18000.001924029,false,true,18000.0,1658183,11654,168947,54749,2385266,44588066,48277708,1208,false,Only whole-run update time is measured in aggregate-only mode to minimize timing overhead.
sx-stackoverflow_f_2m.e,all,1598891,18000.00366314,false,true,18000.0,1663936,11550,167790,54474,2355357,44002275,47064514,1207,false,Only whole-run update time is measured in aggregate-only mode to minimize timing overhead.
sx-stackoverflow_f_2m.e,all,1600574,18000.007590619,false,true,18000.0,1665697,11548,168138,54258,2357720,44014007,46910333,1181,false,Only whole-run update time is measured in aggregate-only mode to minimize timing overhead.
sx-stackoverflow_f_2m.e,triangles,2000000,16070.673702476,true,false,18000.0,2084758,11477,0,0,0,0,0,0,false,Only whole-run triangle update time is measured in aggregate-only mode. Four-node motif maintenance is not instantiated.
sx-stackoverflow_f_2m.e,triangles,1865908,18000.004960505,false,true,18000.0,1944097,11810,0,0,0,0,0,0,false,Only whole-run triangle update time is measured in aggregate-only mode. Four-node motif maintenance is not instantiated.
sx-stackoverflow_f_2m.e,triangles,1865340,18000.004732306,false,true,18000.0,1943496,11878,0,0,0,0,0,0,false,Only whole-run triangle update time is measured in aggregate-only mode. Four-node motif maintenance is not instantiated.
sx-superuser_f_2m.e,all,1508970,7734.052347007,true,false,18000.0,1737127,0,0,0,0,0,0,0,false,Only whole-run update time is measured in aggregate-only mode to minimize timing overhead.
sx-superuser_f_2m.e,all,1508970,7752.805658791,true,false,18000.0,1737127,0,0,0,0,0,0,0,false,Only whole-run update time is measured in aggregate-only mode to minimize timing overhead.
sx-superuser_f_2m.e,all,1508970,7740.442603395,true,false,18000.0,1737127,0,0,0,0,0,0,0,false,Only whole-run update time is measured in aggregate-only mode to minimize timing overhead.
sx-superuser_f_2m.e,triangles,1508970,7711.996412795,true,false,18000.0,1737127,0,0,0,0,0,0,0,false,Only whole-run triangle update time is measured in aggregate-only mode. Four-node motif maintenance is not instantiated.
sx-superuser_f_2m.e,triangles,1508970,7612.854577201,true,false,18000.0,1737127,0,0,0,0,0,0,0,false,Only whole-run triangle update time is measured in aggregate-only mode. Four-node motif maintenance is not instantiated.
sx-superuser_f_2m.e,triangles,1508970,7570.225111856,true,false,18000.0,1737127,0,0,0,0,0,0,0,false,Only whole-run triangle update time is measured in aggregate-only mode. Four-node motif maintenance is not instantiated.
wiki-talk-temporal_f_2m.e,all,877519,18002.20671095,false,true,18000.0,994464,5243,185464,36386,4268992,99070436,324067709925,969,false,Only whole-run update time is measured in aggregate-only mode to minimize timing overhead.
wiki-talk-temporal_f_2m.e,all,876874,18001.755303239,false,true,18000.0,993809,5226,180744,36279,4141203,95896136,300334828795,970,false,Only whole-run update time is measured in aggregate-only mode to minimize timing overhead.
wiki-talk-temporal_f_2m.e,all,877417,18001.867014248,false,true,18000.0,994362,5234,183983,36330,4239101,98496897,318278803322,966,false,Only whole-run update time is measured in aggregate-only mode to minimize timing overhead.
wiki-talk-temporal_f_2m.e,triangles,2000000,5271.199907976,true,false,18000.0,2233969,5480,0,0,0,0,0,0,false,Only whole-run triangle update time is measured in aggregate-only mode. Four-node motif maintenance is not instantiated.
wiki-talk-temporal_f_2m.e,triangles,2000000,5140.800635414,true,false,18000.0,2233969,5480,0,0,0,0,0,0,false,Only whole-run triangle update time is measured in aggregate-only mode. Four-node motif maintenance is not instantiated.
wiki-talk-temporal_f_2m.e,triangles,2000000,5668.286528952,true,false,18000.0,2233969,5480,0,0,0,0,0,0,false,Only whole-run triangle update time is measured in aggregate-only mode. Four-node motif maintenance is not instantiated.
